{"cameraMode":{"drawMode":0,"name":"Shaded","section":"Shading Mode"},"sceneLighting":true,"audioPlay":false,"sceneViewState":{"m_AlwaysRefresh":false,"showFog":true,"showSkybox":true,"showFlares":true,"showImageEffects":true,"showParticleSystems":true,"showVisualEffectGraphs":true,"m_FxEnabled":true},"in2DMode":false,"pivot":{"x":-3.7099342346191408,"y":-118.77720642089844,"z":-668.7947998046875},"rotation":{"x":0.14520536363124848,"y":-0.14458629488945008,"z":0.021450791507959367,"w":0.9785712361335754},"size":13.83590316772461,"orthographic":false}